user_id,text_id,pred_valence,pred_arousal
3,256,0.625531,0.51015836
3,257,1.081761,0.9948295
3,258,1.3477151,0.7589518
3,249,1.2769357,1.2135581
3,250,-0.22918043,0.12458486
7,349,-0.004793088,0.94678277
7,350,-1.5598878,-0.28736064
10,411,1.5017921,0.6318524
10,412,0.3971949,0.31026664
10,413,0.1363062,0.14720872
17,1090,-0.31544283,0.3302684
17,1091,1.3570185,0.69831175
17,1092,-0.61311513,0.56388277
17,1093,-0.13815409,0.4304923
17,1094,1.1293535,1.633721
17,1095,-0.328437,0.5935778
17,1096,0.4893511,0.322312
17,1097,1.1222414,0.8075065
17,1098,-0.10721283,1.7657173
17,1062,-0.8296571,1.3604461
17,1063,0.2540011,0.9880146
17,1064,-0.43463036,0.6431998
17,1065,0.6437146,0.97052383
17,1066,-0.79221475,1.4561918
17,1067,1.4527594,0.77005607
17,1068,1.2104547,0.8374778
17,1069,1.107106,0.7017252
17,1070,-1.2342285,0.05822713
17,1071,-0.3975921,1.445482
17,1072,0.4541817,1.0291739
17,1073,-1.4885474,0.42081425
17,1074,-0.354162,1.4749426
17,1115,-1.3299475,0.19566092
17,1116,-0.72593516,0.76483315
17,1117,0.70562124,0.83670926
17,1118,0.20233785,0.67514914
17,1119,1.0911883,0.46795145
17,1120,0.98529434,0.36169624
17,1121,0.78284764,0.52978504
17,1122,1.2627211,0.460992
17,1123,0.5757225,0.32420582
17,1124,1.1741598,0.58498496
17,1125,0.539138,0.8080561
17,1126,1.4661531,0.5582853
17,1127,1.6731738,0.11020961
17,1128,1.0703582,0.80839664
17,1129,1.4557447,0.8041888
17,1130,0.8412345,0.48604032
17,1131,0.39139432,0.89018613
17,1132,1.1506995,0.6531989
17,1133,-0.17211545,0.31689417
17,1134,0.6088926,0.4337786
17,1135,-0.9775311,1.1949275
17,1136,-0.11863862,0.8531689
17,1137,1.493166,0.28302816
17,1138,0.861775,0.79047114
17,1139,-1.1105255,0.7863688
17,1099,0.7971464,0.7694432
17,1100,-1.3283931,-0.19014777
17,1101,-1.311002,-0.26378793
17,1102,1.0723118,0.31305206
17,1103,-1.4683824,-0.16038331
17,1104,1.2006332,0.5654891
17,1105,1.5343931,0.3773941
17,1106,0.5260753,0.9570238
17,1107,-1.4680922,-0.14584363
17,1108,1.3068479,0.42328322
17,1109,1.1805226,0.7353083
17,1110,0.85772055,0.327412
17,1111,0.22187206,1.0160131
17,1112,0.4653481,1.3132093
17,1113,-0.55310863,0.5165582
17,1114,0.91123325,0.7636587
17,1155,1.0739793,0.38842645
17,1156,1.5642748,0.40726244
17,1157,0.50219214,0.22821106
17,1158,1.5698969,0.39530876
17,1159,1.235289,0.6450725
17,1160,-1.3350272,0.27261415
17,1161,-1.4609339,0.90703994
17,1162,-1.6395267,-0.245779
17,1163,0.3493639,0.45825085
17,1164,-0.3787971,0.11916096
17,1165,-0.644891,1.0126519
17,1166,-0.67386395,0.2926598
17,1167,-1.2408054,-0.16390869
17,1168,0.5444512,0.45694274
17,1169,1.0576004,0.76572585
17,1170,-0.7247452,0.26932323
17,1171,0.47131306,1.4874809
17,1172,-1.2870154,0.11526311
17,1173,0.7557079,1.1624918
17,1174,0.3920411,0.44942844
17,1175,-0.42747727,0.24079546
17,1176,-0.15762933,0.39411482
17,1177,-1.7276813,-0.275216
17,1178,-1.1863211,-0.021731434
17,1179,0.8367419,0.76880884
17,1180,-0.95160204,0.3289249
17,1181,0.01167691,0.7995515
17,1140,-1.085813,0.40290788
17,1141,1.1932342,0.6678147
17,1142,-1.139033,1.149575
17,1143,-0.45398435,0.56242085
17,1144,-0.643959,0.60639733
17,1145,0.42911425,0.57992667
17,1146,-0.8344927,0.2721641
17,1147,-1.2211051,-0.08512758
17,1148,0.001971047,1.3915714
17,1149,1.0911121,1.1353556
17,1150,-1.3281077,-0.1339996
17,1151,-1.5154892,-0.26425436
17,1152,1.0868217,1.014204
17,1153,0.82367057,0.82602084
17,1154,-0.53246284,0.2506794
18,1302,1.5423095,1.159638
18,1303,1.6680992,0.47782916
18,1304,1.5114534,0.4313312
18,1286,1.7156826,0.6885813
18,1287,1.6423318,0.5170494
18,1288,1.4604577,0.85670936
18,1289,1.6633619,1.24888
18,1290,1.5747075,1.0385875
18,1291,1.6668569,1.0289142
19,1313,0.7271419,1.2333277
19,1314,0.39878285,1.4129161
19,1315,-1.2492849,0.4058413
19,1316,-1.4096208,-0.053505108
20,1319,0.24262956,1.2112465
20,1320,0.8003981,0.75095266
23,1348,1.1349592,0.81753343
23,1336,0.9474502,0.5789769
23,1337,-0.058672637,0.98658663
23,1338,-1.2507644,-0.031926714
23,1339,0.35300937,0.6670448
23,1340,0.25056502,0.27754033
24,1415,-0.99757844,0.22640374
24,1416,-0.88765556,0.31581348
24,1417,-0.3154817,0.2939993
24,1418,-0.92964125,0.30449793
25,1490,-0.101921454,1.3873652
25,1491,0.6133335,1.5511218
33,2209,-0.8556259,0.09527193
33,2210,-1.2378359,-0.22507116
33,2211,-1.7017554,0.78136975
33,2212,-1.7014883,-0.11331854
33,2213,-2.0659568,-0.3344587
33,2214,-1.3557543,1.1474314
33,2215,-2.0200627,-0.28951368
33,2176,0.63770473,0.22386833
33,2177,0.2599589,0.3651362
33,2178,0.59381616,0.4621013
33,2179,0.27785197,0.95327574
33,2180,-1.5005094,-0.0017494764
33,2181,-0.78001636,0.3963729
33,2182,-0.6783281,1.4352823
33,2183,-1.0919709,1.2038132
33,2184,-1.5440525,0.113187864
33,2185,-1.0241333,0.071343824
33,2186,-0.9922902,-0.019243887
33,2187,-1.4853451,-0.16757993
33,2188,-1.4067581,-0.1687379
33,2189,-1.8320537,-0.2433903
33,2190,-1.8596411,-0.21182196
33,2191,-0.3459966,0.26757637
33,2192,-1.3478882,0.42904556
33,2233,-1.289038,0.786308
33,2234,-1.9753354,-0.026101856
33,2235,-1.6450422,-0.06317986
33,2236,-1.6634723,-0.06848893
33,2237,-1.8950664,-0.078225024
33,2238,-1.6278975,0.018918073
33,2239,-2.026458,-0.31240588
33,2240,-1.3268758,0.27240095
33,2241,-1.2753499,-0.044314705
33,2242,-1.6920068,-0.17582889
33,2243,-0.3254278,0.26003522
33,2244,-0.5571876,0.1677773
33,2245,-1.4021593,1.2923172
33,2246,-1.8869352,-0.078420356
33,2247,-1.7661122,-0.16707112
33,2248,-1.0743659,0.4181706
33,2249,-0.24361464,0.19980283
33,2250,-0.5193873,0.34064338
33,2251,-1.4952862,0.008405888
33,2252,-1.338342,0.19001459
33,2253,-1.6478109,-0.000305254
33,2254,-1.7486664,-0.12141905
33,2255,-1.0703584,0.4155557
33,2256,-1.1808561,0.6201169
33,2216,-1.6826445,-0.022486983
33,2217,-1.1289006,0.45443237
33,2218,-0.85715115,-0.05732751
33,2219,-1.3127893,0.14791006
33,2220,-1.3443245,0.18097594
33,2221,-1.5971314,0.24180819
33,2222,-1.1314985,1.1775552
33,2223,-1.2391926,0.7432831
33,2224,-0.5723607,1.5212954
33,2225,-0.96281415,0.9486891
33,2226,-1.6393663,-0.022851503
33,2227,-2.026458,-0.31240588
33,2228,-1.9297291,0.039249096
33,2229,-1.5037793,0.5222958
33,2230,-1.1733264,1.6061553
33,2231,-1.5207111,1.3640599
33,2232,-2.1042864,-0.1838115
33,2272,-1.6307989,-0.048833266
33,2273,-1.8295996,-0.057296395
33,2274,-1.5775667,0.05354459
33,2275,-1.4374397,0.10063111
33,2276,-0.39036757,1.3827387
33,2277,-1.7375727,-0.11313119
33,2278,-0.50599205,0.23862384
33,2279,-1.3268758,0.27240095
33,2280,-0.5740352,1.6032385
33,2281,-1.5833336,-0.0057421867
33,2282,0.06152285,0.26413777
33,2283,-1.1968337,-0.12430667
33,2284,-1.9172999,-0.2897863
33,2285,-1.5505775,-0.06061519
33,2286,-1.6496725,-0.07089424
33,2287,-1.3501177,-0.17154661
33,2288,-1.5486554,0.37846014
33,2289,-1.4415282,-0.20515849
33,2290,0.8199312,0.1081242
33,2291,-1.9519271,-0.20993409
33,2292,-0.999052,-0.20176542
33,2293,-1.5497024,0.9027973
33,2294,-1.351568,-0.13603975
33,2295,-2.0300322,-0.19353266
33,2296,-1.726203,-0.1066365
33,2297,-1.9429401,-0.2804891
33,2298,-1.8927509,0.32014668
33,2257,-2.031029,-0.22769345
33,2258,-1.782931,-0.12784761
33,2259,-1.8348039,0.061320588
33,2260,-1.4795357,-0.06304768
33,2261,-1.8296579,-0.2612565
33,2262,-1.6366776,-0.1070698
33,2263,-1.5929925,0.040853404
33,2264,-0.87893313,0.41428083
33,2265,-1.4817985,-0.05705399
33,2266,-0.7036374,0.1970614
33,2267,-0.59134287,1.7295752
33,2268,-1.7214737,-0.07841776
33,2269,-0.25864127,0.09375847
33,2270,-2.1772008,-0.32932207
33,2271,-1.4162607,0.9129791
34,2367,-1.4821285,1.1741998
35,2410,0.77131075,1.6041899
35,2411,-0.013078877,0.66542965
42,3830,0.871171,0.629092
42,3831,0.29932445,0.621816
42,3832,0.53373545,0.7648903
42,3833,1.3596396,0.54077286
43,3994,-0.44131786,0.491685
43,3995,-1.4072874,-0.27272794
43,3988,-0.2111508,0.35535043
43,3989,-1.0589907,1.1914505
54,3540,1.237403,0.9826847
54,3644,1.0452415,1.6419015
54,3725,1.3188196,1.3169044
54,3834,1.4823824,1.2381399
54,3913,0.73143345,1.7050023
54,4016,1.1119311,0.8695044
54,4077,1.3808008,0.8783043
54,4164,1.5901232,1.0634527
54,4228,1.346877,1.309684
60,2588,1.6614858,0.2962285
60,2599,1.9290378,0.593319
60,2610,1.6450841,1.0457718
60,2621,1.3485885,1.159538
60,2632,1.9909848,0.6135034
60,2643,1.6733007,0.57217926
60,2655,1.6723026,1.2270831
60,2666,1.4441644,0.78342605
60,2870,1.5514846,1.1800086
60,2881,1.2844139,1.0276634
60,2891,1.5952128,0.8257733
60,2900,1.8403807,0.9034781
60,2911,1.9057486,0.70344704
60,2922,1.9251608,0.81741524
60,2933,1.8503588,0.93976647
60,2940,1.3992577,0.99455804
60,2942,1.3322524,0.3007119
60,2952,1.5689677,0.6583561
60,2953,1.7209988,0.8523641
60,2959,1.2977254,0.81100774
61,3069,-0.34838858,0.5822555
61,3080,0.69238156,1.2695544
61,3091,-0.72740895,0.5712186
61,3102,-0.94635826,1.2211996
61,3113,0.55275077,0.7543456
61,3124,-0.82485455,0.6707744
61,3136,0.7952352,1.0928704
61,3146,0.12436099,0.6735103
61,3157,-1.4334903,0.19837265
61,3168,1.218912,0.9307465
64,4710,1.6390843,0.4093048
64,4711,1.2532706,0.72447944
64,4712,1.0398577,0.08749239
64,4713,1.024835,0.74723995
64,4714,1.7457168,0.53812385
64,4716,1.608873,1.2533597
64,4717,0.6769236,1.2097152
64,4718,-0.016657464,1.1808206
64,4719,0.9320592,0.66048086
64,4733,1.8275633,0.62342364
64,4734,1.4458112,1.1001989
64,4735,0.9387354,0.7504838
64,4736,1.1949822,0.4233917
64,4737,1.3085234,1.1720344
64,4738,1.6835924,1.0963025
64,4740,-1.0566268,0.84415156
64,4741,-0.008569271,0.3956778
64,4742,1.5685492,1.1592414
64,4743,1.8970735,0.7803429
67,4806,0.08034964,0.9231319
67,4807,-0.8152031,-0.00040310808
67,4808,0.89543325,0.5242117
67,4809,0.018560719,0.7405165
67,4810,-1.2449511,-0.19648202
67,4811,0.48709723,0.7663635
67,4812,0.11324021,0.8981658
67,4813,1.017297,0.5431946
67,4815,-1.0859921,-0.109992914
73,5022,0.21549708,1.0699162
73,5023,-1.8117582,-0.16005132
73,5024,-0.29315004,0.3514233
73,5025,-1.7877845,-0.21310139
73,5026,-1.4881009,-0.05694054
73,5027,1.2810762,1.687717
73,5028,-1.0972877,-0.11623361
73,5029,-1.7933054,-0.2835595
75,5062,-1.4218336,0.09285547
75,5063,-0.74373096,0.047137037
75,5064,-1.08049,0.33795288
75,5065,-1.387612,0.13878527
75,5066,-1.7694335,-0.29273567
75,5067,-0.17040005,0.13601525
75,5068,-0.6474076,0.1748179
75,5069,0.028020885,0.9503864
75,5070,1.1536818,0.26299533
75,5071,1.526622,0.30468655
75,5072,1.7209401,0.18651794
75,5073,0.7016715,1.2850612
75,5074,-1.6339515,-0.35468745
75,5075,-1.8161682,-0.1952779
75,5076,0.085781686,0.051994514
80,5193,0.6280385,1.2434696
80,5194,0.15320641,1.8126043
80,5195,-1.1796423,0.6355622
80,5196,-1.555571,1.0689163
80,5197,0.56239694,1.8853376
80,5198,0.9923577,1.5162941
80,5199,-0.86444247,0.3052674
80,5200,0.31972203,0.9247144
80,5201,1.3175,0.4616384
80,5202,0.92597973,0.24843635
80,5203,1.0399257,0.6233124
80,5204,0.44125456,0.8892933
80,5205,0.64590335,1.8715724
80,5206,0.071522474,1.6411047
89,571,1.2608266,0.8812708
89,572,-1.3322011,-0.059607483
89,573,-0.7788107,-0.02950943
89,574,1.2933522,0.98165935
89,579,-0.0007290626,1.6440983
89,580,-1.4592595,-0.110719986
89,581,-1.6736716,-0.16012494
89,582,-0.5741676,1.5628276
89,583,-1.0176849,0.39943135
89,584,-2.025431,-0.3704686
89,585,1.1927655,0.9926678
89,586,-0.96432567,1.1130403
89,587,-1.137973,0.1553456
94,970,0.38554662,0.53977877
94,971,-1.9514302,-0.24434476
94,1182,0.16637874,0.577192
94,1183,-1.4810407,0.7382069
94,1184,1.0071157,0.50597316
94,1185,-1.2579428,0.4312873
94,1186,0.10823158,2.088027
94,1187,1.665213,0.26689482
94,1188,1.1254618,0.37171155
94,1189,-0.08696047,0.578149
94,1190,1.4820043,1.2270031
94,1191,1.3887681,1.5173681
94,1192,-0.62392795,0.63116777
94,1193,0.12792888,1.0109167
94,1194,1.0543034,0.5020366
99,1390,-1.1921413,0.031994335
99,1391,-1.0436232,1.5107125
99,1392,0.57440376,1.1868379
99,1393,-0.77403104,-0.026537342
99,1394,0.6146857,0.82093644
99,1395,-0.2548898,0.7670278
99,1396,-0.782964,1.4530389
99,1397,-1.4916843,-0.23901986
99,1398,-1.6064554,-0.1456965
99,1399,-1.2163483,1.6448629
99,1400,-1.0180885,0.050093498
99,1401,-0.48308423,0.70529044
99,1402,0.6487353,0.26764798
99,1403,-0.5008361,0.2385954
105,1796,-0.09598477,0.5958576
105,1798,-1.1346955,-0.054432824
105,1799,-1.7950658,-0.2723995
105,1800,-1.0393136,0.82824606
105,1801,0.31746715,0.7378152
105,1802,-1.7211094,-0.3437315
105,1803,-1.1755378,-0.087518655
105,1815,-0.37089604,0.59571165
105,1816,-1.5528435,-0.15671645
105,1817,-0.9754211,1.2678379
105,1818,0.20704877,1.0655607
105,1820,-0.16081725,0.5214842
105,1821,-1.2504143,0.205192
106,1832,-1.271858,0.7447414
106,1833,-1.0140452,1.2056236
106,1834,-0.58212113,1.7794241
106,1835,0.43193716,0.5469103
106,1836,-0.12350659,1.0252026
106,1837,0.49059135,1.7147605
106,1838,-1.3800747,0.3290942
106,1839,1.135329,1.355404
107,1859,-1.7102065,-0.3222616
107,1860,-1.5362667,0.5403015
107,1861,0.10694572,0.89651513
107,1863,-0.4688942,0.18915936
107,1864,-1.6276389,-0.13076891
107,1865,-0.14858717,1.3470254
107,1866,-1.591104,-0.18230067
107,1867,-1.4519558,-0.08680421
107,1868,-1.4886189,0.57656825
107,1869,1.1760315,0.7898925
107,1870,0.3488857,0.7190903
107,1871,-1.661659,-0.114514984
107,1872,-0.070879154,0.37498987
107,1874,-1.3945628,1.0364838
107,1875,-1.964414,-0.12426769
107,1876,-0.0824336,1.6227336
107,1877,-1.4640297,0.59565264
119,2478,1.2690827,1.0681927
119,2479,1.0483841,0.69578016
119,2480,0.69077665,1.4626157
119,2481,-1.1716006,0.43969944
119,2483,-0.37678745,0.1191507
120,2510,1.5190675,0.30074152
120,2511,-0.8215472,0.051109463
120,2513,1.3594861,0.56150806
120,2514,-0.9794722,-0.13792539
120,2515,-1.7643532,-0.075340606
120,2516,0.9196512,1.1540443
120,2517,0.69689906,0.15709938
120,2518,-1.8629755,-0.30014
120,2519,-1.5929911,1.6648403
120,2520,-1.0774271,0.5403153
120,2521,0.507681,0.8633058
120,2522,0.7573067,0.27326012
122,2601,0.47082224,0.79915935
122,2602,-0.59072083,0.3311452
122,2603,1.8108907,0.32820138
122,2604,0.20870975,1.1726401
122,2605,1.2303964,0.50423026
122,2606,1.0304554,1.0323194
122,2607,1.5161897,1.0686882
122,2608,0.20739847,1.0715358
122,2609,-0.082676105,1.9754741
122,2611,0.4910594,0.70174533
122,2612,-0.11239526,0.9417245
122,2613,0.9176297,0.90027755
127,2926,0.40335056,0.91351557
127,2927,1.4541321,1.0421561
127,2928,-1.0892378,0.8084966
127,2929,0.5847215,0.84574264
127,2930,0.7240429,1.1083066
127,2931,-1.5666826,1.8714888
127,2932,0.25191396,0.8563692
127,2934,1.621731,0.91651106
127,2935,-0.18462408,0.7850441
127,2936,-1.5666826,1.8714888
127,2937,1.5161527,0.9807591
127,2938,-0.92718035,0.9285535
127,2939,1.5285522,1.721841
133,3110,1.605424,0.87005174
133,3111,1.5357711,1.3265418
133,3112,1.6469146,1.0609232
133,3114,1.0995953,1.6869353
133,3115,1.7546034,0.92909205
133,3116,1.623634,1.0811627
133,3117,1.8147274,0.9244491
133,3118,1.7267324,1.0566779
133,3119,-1.290765,0.6033118
133,3120,1.7697586,1.1737118
133,3121,0.73619,0.96899396
134,3139,1.3240774,1.6862297
134,3140,1.579392,1.2438347
134,3141,-1.0045502,0.9225147
134,3142,-1.0779419,1.8046062
134,3143,-1.61765,0.42028052
134,3144,-1.8159446,0.1146039
134,3145,-1.7291505,-0.033922054
134,3147,-0.27658737,1.4134921
134,3148,-1.0882491,0.9480184
134,3149,-0.5235911,0.5675673
134,3150,-1.4495742,0.1267606
134,3151,-0.7960264,1.0488027
134,3152,-1.3645597,0.8516666
139,3509,1.4979448,1.0130956
139,3510,1.165782,1.4814941
139,3511,1.6017919,0.60315096
139,3512,1.5021375,1.2429603
139,3513,-0.6570355,0.3790517
139,3515,0.56277114,0.68565243
139,3516,1.480768,0.52450216
139,3517,1.7985538,0.89662653
139,3518,1.6367259,0.24147756
139,3519,1.4373192,0.3873716
139,3520,0.82396126,1.4264113
139,3521,-0.8609601,0.8238294
139,3522,-1.5578126,0.4833524
139,3523,-0.24513099,1.20438
139,3524,-1.5929835,0.31221807
139,3526,1.069057,0.47576073
139,3527,1.4356242,0.28955668
139,3528,1.0806018,0.5252664
139,3529,0.3910991,0.6164389
140,3554,-0.71725863,0.04785394
140,3555,-0.819574,-0.0621754
140,3556,1.1080544,0.68808424
140,3557,-1.2589706,-0.12284186
140,3558,1.3936539,0.54850155
140,3559,1.4597484,0.80762625
140,3560,1.5100527,0.7444904
140,3561,1.5764972,0.32657403
140,3562,-1.3737485,-0.08886883
140,3564,-0.96913606,-0.07763312
140,3565,0.67866856,1.0274792
140,3566,1.5315925,0.49708498
140,3567,-0.5103545,-0.1726726
140,3568,0.98307216,0.29708505
140,3569,1.2972717,0.591466
140,3570,0.7478762,1.296643
140,3571,1.8900539,0.4541119
145,3696,-0.42971638,0.333093
145,3698,-0.041708134,1.9330964
145,3699,-1.1465691,-0.15014727
145,3700,-1.6279331,0.22834359
145,3701,0.8187006,1.1454082
145,3702,0.8482237,1.7043188
147,3752,0.21181118,0.9724517
147,3753,1.2031848,0.6643701
147,3754,0.61973345,1.2492046
147,3755,1.0191065,0.43438527
147,3756,1.7311026,0.35257548
147,3757,0.6781778,0.4241224
147,3758,0.6441206,0.663727
147,3759,0.093438365,0.8537794
147,3760,-1.5740086,-0.2716613
147,3761,0.1707241,0.9276799
147,3762,1.0622528,0.82447493
147,3763,1.2039034,0.46303448
147,3764,0.7963281,0.9568498
147,3765,-1.6226728,-0.24106388
147,3766,0.4660162,0.3449307
147,3767,0.964328,0.45889577
147,3768,0.5699548,0.575331
147,3769,0.8051492,1.0749592
147,3770,0.33635393,0.41748068
147,3771,1.428196,0.44987196
147,3772,0.6157042,0.40087104
152,3876,0.6684543,1.0061117
152,3877,0.5193679,0.8288723
152,3878,1.3979914,0.5467977
152,3879,1.1560497,0.66447777
152,3880,1.0100753,0.63926554
152,3881,1.4068127,0.7235957
152,3882,0.34271932,1.5703005
155,3950,-0.6399977,1.0020924
155,3951,-1.155075,-0.028346887
155,3952,-1.6804191,0.35554227
155,3953,-0.26237795,1.8935598
155,3954,-0.37365583,0.11807155
155,3955,-1.6493744,-0.16251393
155,3956,0.39106652,1.0779207
155,3957,0.7808773,0.44480017
155,3958,0.8831685,0.6415064
155,3959,-0.7732008,-0.061540507
155,3960,-1.1227219,-0.109114386
155,3961,-0.41854626,1.0782223
164,4196,-1.0158246,0.031849522
164,4197,-0.040879834,1.0384299
164,4198,-0.7371184,1.0990402
164,4199,0.56213915,0.9088733
164,4200,0.14494297,1.3316904
164,4201,-0.17136878,1.0263819
164,4202,-0.37086248,1.3413677
164,4203,1.158682,1.5175631
164,4204,-0.047186136,0.9467991
168,4270,1.4010422,1.2898446
168,4271,0.74104977,1.2096437
168,4272,-0.16269672,1.4067287
168,4273,1.5831968,0.9836781
168,4274,0.32639948,0.84722966
168,4275,1.5631399,1.1448478
168,4276,1.5871625,0.86949176
168,4277,1.5809239,1.3216009
168,4278,1.4585046,1.0718081
168,4279,1.6965904,1.3100535
168,4280,1.5636686,1.1755829
168,4281,1.482316,0.86680657
168,4282,1.789226,1.190344
168,4283,1.5019258,0.6577782
168,4284,-0.44476035,0.09125895
168,4285,1.6927239,0.21416672
169,716,0.0915364,0.8931562
169,717,-1.3631847,0.110470295
169,718,-1.5320127,-0.14294137
169,719,-0.38629672,1.2852125
169,720,-0.917444,1.1735127
169,721,-1.4789273,0.27296886
169,722,-0.68423206,0.9491078
169,726,0.00594109,0.9948842
169,727,-1.9292165,-0.066743165
169,728,-0.4230735,0.8786945
169,729,-1.9236993,-0.13705686
169,730,1.0962784,0.7481134
169,731,0.73191345,1.4482028
169,732,0.9814311,0.34233236
169,733,1.6199178,0.6599901
169,734,-1.2451603,-0.17908688
169,735,-1.4203457,-0.066782616
169,736,0.5873624,1.173968
169,737,-1.8448501,-0.16127528
169,738,1.3298885,0.90812397
169,739,-0.8109727,0.11702212
169,740,-1.8227862,-0.2405395
169,741,0.47846773,1.5177749
169,742,-1.4051796,-0.03566082
169,743,-1.7922469,-0.27678755
169,744,-0.28728887,0.7030152
169,745,-0.9660833,0.35195172
169,746,-1.2285161,-0.081418626
169,747,0.4578146,1.3744724
169,748,1.5170815,0.7430114
169,749,-1.3417176,-0.26022464
169,750,0.3082738,0.94339323
169,751,1.3438001,0.91238546
169,752,-1.4415615,-0.049016647
169,753,-1.4987622,-0.050172172
169,754,-1.5587019,-0.18730056
169,755,-0.18431988,0.9173568
169,756,-1.6802504,-0.13292591
170,4343,-0.54041,0.9480976
170,4344,-0.30764446,1.4609802
170,4345,-0.72554857,0.35598487
170,4346,-1.0738835,0.17364793
170,4347,0.257496,1.646418
170,4348,-0.9471182,0.3468969
170,4349,-0.7172445,1.1243097
170,4350,1.0041212,1.4285842
170,4351,-0.21403146,1.3871442
170,4352,-1.4592257,1.4013951
170,4353,-0.32623258,0.23571354
170,4354,-0.5233154,1.0839703
170,4355,0.6568018,1.0602006
170,4356,-1.1633762,0.9494851
170,4357,0.08888612,1.1747992
170,4358,1.1049289,1.3526037
171,4380,1.1792599,1.6069733
171,4381,-0.3891912,0.40042236
171,4382,-0.7423353,0.10196361
171,4383,0.07258016,1.7390873
171,4384,-1.6249986,-0.15902121
171,4385,1.5864033,0.46037656
171,4386,0.75519156,0.5406398
171,4387,1.3292675,0.6627109
171,4388,-1.3685983,-0.03641805
171,4389,-0.70768243,0.99873555
171,4390,0.76353645,0.8690204
171,4391,0.933516,0.31243616
171,4392,1.3713189,0.7839319
171,4393,-1.2013084,0.014642857
171,4394,-0.32622647,0.44627723
171,4395,1.2233458,0.78416413
171,4396,-0.5933468,0.5523459
171,4397,1.8354222,0.7377228
171,4398,-0.98126006,0.123632625
171,4399,1.0251669,1.5015831
171,4400,-0.26902494,0.076314166
49,4873,0.8319508,1.208958
49,4874,-0.39521906,0.23365153
49,4875,-0.52152765,0.46900934
49,4876,-0.9256223,0.21541533
49,4878,-1.2673861,-0.019657625
49,4879,0.22996226,1.1457623
49,4880,-1.1498686,0.32536185
49,4881,0.112127446,0.9276911
49,4882,1.666305,1.2233992
49,4883,0.29737645,1.1001033
49,4884,-0.631961,0.30203804
49,4885,0.7605832,1.1942356
49,4877,0.112127446,0.9276911
49,4887,-0.89320624,0.19490932
49,4888,-1.5316552,-0.19587961
49,4889,-1.2939229,0.1188288
49,4890,-0.90381783,0.36651787
49,4891,-0.8097994,0.4087488
49,4892,-0.9182664,0.30121613
49,4893,-1.0941659,0.1891797
49,4886,-0.9683768,0.3241729
49,4905,-1.6664941,0.575346
49,4906,-0.5487424,0.2920407
49,4907,0.19051385,1.2342541
49,4908,-0.410628,1.1098098
49,4909,0.75473946,1.7440703
49,4910,-0.012418159,0.7453794
49,4911,0.071951665,0.7939927
49,4912,-1.2441188,0.29590365
49,4913,0.9394089,0.65353745
49,4914,0.38377166,1.5269384
49,4915,-1.4275708,-0.07730897
49,4916,-0.7207255,0.17723285
49,4917,-0.87003607,0.15297008
49,4918,0.24434273,1.0850812
49,4919,0.28340557,1.1662304
49,4920,0.8779161,1.2391186
49,4894,0.15588233,0.9575519
49,4895,-0.62992895,0.28007284
49,4896,-1.3714608,-0.048615597
49,4897,-0.4001251,0.5253749
49,4898,-1.9176768,-0.3006693
49,4899,1.1394756,1.6970705
49,4900,0.5355143,1.7530884
49,4901,0.46769655,1.7845731
49,4902,-0.41332978,0.39493218
49,4903,0.1444795,1.6085441
49,4904,-1.4295,-0.20884691
49,4932,1.473982,1.4787383
49,4933,-1.6184449,-0.13740116
49,4934,-0.062082067,0.48418978
49,4935,0.4988006,1.5406127
49,4936,1.0855145,1.5702025
49,4937,-0.84819835,1.1261548
49,4938,-1.896118,-0.34460646
49,4939,-0.7429494,0.2266334
49,4940,-0.23375137,0.41476083
49,4941,-1.423687,-0.08770979
49,4942,-1.0251182,0.028044894
49,4943,-0.3593204,0.48108888
49,4944,-0.44182882,0.43098357
49,4945,-1.2905511,0.2225128
49,4946,-0.3564387,0.45723054
49,4947,0.16635492,0.9946038
49,4948,0.13814634,1.1067469
49,4949,0.12812543,2.0272558
49,4950,-0.12651527,1.8092251
49,4951,-0.017238162,1.9760966
49,4952,-1.3599064,-0.057991914
49,4953,-0.1598933,1.9797977
49,4954,-1.0275689,0.11995919
49,4921,-1.8567365,-0.32423183
49,4922,-0.64467573,1.2050077
49,4923,0.15117696,1.129816
49,4924,0.14524856,0.8109329
49,4925,-1.9415183,0.10114329
49,4926,-0.19421639,1.1741133
49,4927,-0.0042093927,0.79728293
49,4928,0.08334923,0.87159187
49,4929,0.6962053,0.2893374
49,4930,0.14524856,0.8109329
49,4931,-1.0735413,0.14233378
53,5224,1.5295871,1.286061
53,5225,1.3533719,1.5962082
53,5226,-1.1784493,-0.0015799087
53,5227,1.1733837,1.691851
53,5228,1.0241826,1.182338
53,5229,1.3457568,0.37479618
53,5245,0.04447549,0.3617767
53,5246,1.4449862,0.35354206
53,5247,1.2751709,0.7125932
53,5248,-0.36256656,0.26615083
53,5249,1.6667516,0.31115815
53,5250,1.2577074,1.0496063
53,5251,-0.8936169,0.19416851
53,5252,0.36054978,1.7219305
53,5253,-0.2799752,0.36343002
53,5254,1.0933285,0.63255304
53,5255,0.0001307549,0.25133416
53,5256,1.1244808,1.1951246
53,5257,1.040593,1.6272818
53,5258,1.3283637,1.6241713
53,5259,1.6212999,1.213379
53,5260,1.4780118,1.2035611
53,5261,1.4780118,1.2035611
53,5262,1.363725,0.41051218
53,5263,1.417151,0.3019773
53,5230,-0.46526882,0.14704444
53,5231,-0.24159887,1.2484431
53,5232,-0.13783908,0.56016904
53,5233,-0.897861,0.24473505
53,5234,-0.7660863,0.8184403
53,5235,0.3231988,0.62425524
53,5236,-0.36256656,0.26615083
53,5237,-1.4683014,-0.21325648
53,5238,-1.4892095,-0.17365484
53,5239,1.377663,1.0531892
53,5240,1.4229198,0.46781445
53,5241,1.3100497,1.5199733
53,5242,-1.137448,-0.05587808
53,5243,-1.4144354,-0.03337034
53,5244,1.4845377,0.84599364
70,4840,1.5546805,0.8743407
70,4841,1.6625534,0.7588214
70,4842,0.9157029,0.52285564
70,4843,1.2736188,0.25601795
70,4844,1.4256786,0.8870464
70,4845,1.4121447,0.6396482
70,4846,-1.053889,-0.015087007
70,4847,1.3496364,0.9430291
70,4848,1.3320187,1.0601878
70,4849,0.76954776,0.83985305
70,4851,1.4754134,1.1598177
70,4852,1.6589918,0.9803633
70,4853,0.0690783,0.89450467
70,4854,0.8506298,1.351874
70,4855,1.4756284,1.1522014
70,4856,1.5000678,1.15136
70,4857,0.5950369,1.892365
70,4858,1.2726613,0.514645
70,4859,0.24402378,1.44643
70,4860,-0.03915263,1.805932
70,4861,1.0292771,1.4627476
70,4862,1.3600286,0.52127826
70,4863,1.297927,0.39839837
70,4864,1.4076632,0.85194767
70,4865,-0.094656624,0.5924708
70,4866,1.3414512,0.940615
70,4867,0.33914727,1.1344318
70,4868,0.54037577,0.4999237
70,4869,0.58352315,1.9184705
70,4870,0.48483023,0.57997644
70,4871,-0.8849515,0.2683296
70,4872,0.23549926,2.1619854
70,4955,0.38740718,1.4953878
70,4956,0.7321089,0.5953702
70,4957,1.6181945,0.52324146
70,4958,1.2448078,1.1953214
70,4959,0.7703667,0.40167746
110,1929,1.3028442,0.27565852
110,1937,0.041854456,0.16456038
110,1939,0.10168104,1.1586928
110,1946,0.25298148,2.0014703
110,1948,-1.5147773,-0.15078296
110,1949,0.90259933,1.4699383
110,1950,-1.0658805,-0.013314465
110,1955,1.6424968,1.5535865
110,1956,0.88219076,1.7169981
110,1958,-0.96110326,0.018628716
110,1959,-0.064180404,0.20223181
110,1960,-1.6067542,-0.21525118
110,1967,1.1230242,1.2692738
110,1971,1.200797,1.2546356
110,1930,0.23013023,0.37891737
110,1931,0.98911226,0.56867886
110,1933,-1.3834823,0.07411623
110,1934,1.011895,1.383579
110,1935,0.27596804,1.3706483
110,1936,-0.33556238,0.5229718
110,1938,0.9004288,1.0057405
110,1940,0.99249136,1.7027265
110,1941,-0.22077516,0.99358034
110,1942,-2.0722656,0.005604813
110,1944,1.0141311,1.4364899
110,1945,0.37581205,1.4393893
110,1947,0.86594146,0.61572796
110,1951,1.1839062,1.5872793
110,1952,-1.938007,0.10623235
110,1953,1.4759234,0.31844446
110,1957,-2.2759213,-0.32100436
110,1965,-1.8018793,-0.20946126
110,1966,0.82920164,0.6851972
110,1968,1.3482366,0.55313545
110,1970,1.2841743,1.5488688
110,1972,-1.1725293,1.7065003
135,3154,0.7756493,2.0474472
135,3155,1.2506194,1.3673621
135,3156,1.325361,0.8786666
135,3160,1.3889246,1.2032174
135,3161,0.7756493,2.0474472
135,3162,1.5858244,0.5645861
135,3164,-0.27275932,0.23005994
135,3167,1.2663116,1.7446702
135,3175,1.150182,1.6815128
135,3176,1.108217,1.7648354
135,3178,1.108217,1.7648354
135,3180,1.4333842,0.5178685
135,3182,1.108217,1.7648354
135,3187,1.7113518,0.7663408
135,3192,0.8990173,2.1616707
135,3153,0.42114094,1.9475089
135,3158,1.2067726,0.61806613
135,3159,-0.5266235,0.54985297
135,3163,0.69348234,1.5041837
135,3165,0.3173871,2.1075828
135,3166,1.0689822,1.5936805
135,3169,0.9252756,1.661346
135,3170,1.161858,1.2310948
135,3171,0.50829345,0.7552462
135,3172,0.24374959,0.9586037
135,3173,0.57708484,1.2177515
135,3174,1.1505401,1.4839418
135,3177,0.6909864,1.0150651
135,3181,1.1431644,1.1475221
135,3183,1.4725507,1.4440709
135,3184,0.5726564,1.7901978
135,3185,0.63084215,1.1053925
135,3186,1.3086241,1.1960508
135,3188,0.21307246,0.825554
135,3189,0.61263984,1.9225047
135,3191,1.2199264,1.3034945
118,2431,-0.7473342,-0.10463365
118,2432,-0.88811743,-0.023618808
118,2433,0.33539185,0.34523708
118,2434,0.7247588,0.18169445
118,2435,-0.5045829,0.6642236
118,2436,1.2175022,0.65890497
118,2438,1.3763081,0.42468518
118,2439,0.32367274,1.7070923
118,2440,0.43969935,0.92776465
118,2441,1.0472257,0.6665607
118,2442,1.1297866,0.78980744
118,2443,-0.7528114,0.17030086
118,2444,1.3906081,0.7602877
118,2445,1.3589091,1.0315524
118,2446,1.5344121,0.86608493
118,2447,-0.41812703,0.09211991
118,2450,1.4593812,1.090863
118,2451,-0.2679996,1.4043256
118,2452,1.260159,0.36862704
118,2453,0.92560524,1.2650865
118,2454,0.78298336,0.24106589
118,2455,0.40021062,1.2553494
118,2456,-1.0825069,1.3096727
118,2457,0.46809015,0.95236915
118,2458,0.9645198,0.73616457
118,2459,0.077915,1.4000989
118,2461,0.09326364,0.59821403
118,2462,0.25578102,0.9567639
118,2463,-0.21611062,0.7212092
118,2464,-1.5844797,0.07605574
118,2465,-1.3914554,-0.15640977
118,2466,0.24083614,1.3164518
118,2467,1.441713,1.2095833
118,2468,0.38516307,0.41600057
118,2469,-0.9945722,-0.054230615
118,2470,-0.53945535,-0.023141751
97,1257,-0.81572413,0.6769096
97,1258,0.70269805,1.545735
97,1259,0.21303198,0.477021
97,1260,0.06764409,0.358587
97,1261,1.4168692,1.362002
97,1262,-0.40384504,0.65557355
97,1263,-0.50743955,1.0308561
97,1264,0.253967,1.1734868
97,1265,-1.6194423,1.348176
97,1266,-0.27863488,1.3051883
97,1267,-1.5814896,-0.24437173
97,1268,-0.88450485,0.63712406
97,1269,-1.1242822,-0.042750083
97,1270,-1.0703522,0.5013908
97,1271,0.9119479,1.3872113
97,1272,-1.3612632,0.22612275
97,1273,-0.7308075,0.33338597
97,1274,-0.91012716,0.5734266
97,1275,-0.3988739,0.2963344
97,1276,-0.011429352,0.6749096
97,1277,-0.38228622,0.72166234
97,1278,-0.9125619,0.6717567
97,1279,-0.5886609,0.6690778
97,1280,0.27710453,0.99307436
97,1281,-0.74336916,1.789957
97,1282,-0.90839314,0.19566296
97,1283,0.7424434,0.98211044
97,1284,-0.88407713,0.44349286
97,1285,-1.100578,1.0496495
97,1305,-0.9016068,1.7466489
97,1306,-0.16060004,1.6352247
97,1307,-0.080336794,0.78160655
115,2326,-1.0210152,0.56795424
115,2327,-1.1789534,0.025643073
115,2328,-0.115346834,0.069146655
115,2330,-1.046549,0.0032374281
115,2331,1.7574389,0.42560834
115,2332,1.4899423,0.8887262
115,2333,1.4433451,0.7894124
115,2334,1.4042866,1.3392799
115,2335,1.0638846,1.0803907
115,2336,1.4752536,0.8103743
115,2337,1.5771927,0.8045693
115,2338,1.3501854,1.1394458
115,2339,1.6471372,0.99626106
115,2341,1.2911164,1.235833
115,2342,1.2874318,0.83291423
115,2343,1.7187254,0.6302163
115,2344,1.5959097,0.7346843
115,2345,1.420538,0.77864546
115,2346,1.7457863,1.1204588
115,2347,1.4853464,1.3021077
115,2348,1.7057229,0.68240845
115,2349,1.5715106,1.0465194
115,2350,1.489661,1.0370252
115,2352,1.1922601,0.8361086
115,2353,1.6028504,0.99722236
115,2354,1.6100761,0.86708766
115,2355,1.5571148,1.134761
115,2356,1.5693927,0.7911469
115,2357,1.5959097,0.7346843
115,2358,1.4022129,1.0776863
115,2359,1.311257,1.0331833
115,2360,1.4714755,0.8438587
115,2361,1.3294407,1.0192586
112,2007,1.1603215,1.1847855
112,2008,0.9929698,1.3865111
112,2009,-0.06749259,1.1526299
112,2010,0.9929698,1.3865111
112,2011,0.9929698,1.3865111
112,2012,0.9929698,1.3865111
112,2014,0.013672247,0.8680926
112,2015,0.9929698,1.3865111
112,2016,0.30493486,1.0754455
112,2017,0.37644172,1.3425852
112,2018,-0.46787733,0.8994591
112,2019,0.19227198,1.5843055
112,2020,-0.5471382,0.9260166
112,2021,0.7948906,1.0329499
112,2022,-0.16272135,1.1695074
112,2023,0.8944085,1.3143333
112,2025,0.9929698,1.3865111
112,2026,0.58314747,1.4288695
112,2027,0.9929698,1.3865111
112,2028,0.5312968,1.509023
112,2029,0.71626645,1.3578438
112,2030,1.0775543,1.4911366
112,2031,-0.41530952,1.4263661
112,2032,0.030128904,0.66013163
112,2033,0.030128904,0.66013163
112,2034,0.030128904,0.66013163
112,2037,0.030128904,0.66013163
112,2038,0.4401378,1.2794306
112,2039,0.46423924,1.4395216
112,2040,-1.1369956,1.0051825
111,1973,0.86391556,1.819254
111,1974,-1.6789659,-0.14756665
111,1975,0.108072124,1.1094968
111,1976,1.5750096,0.8735969
111,1977,0.24773155,0.731762
111,1978,1.2305609,0.66374826
111,1979,0.5748199,1.6596683
111,1981,-0.82286006,0.25144106
111,1982,0.1266728,1.4009209
111,1983,1.2220304,0.7091689
111,1984,-1.3650932,0.42748433
111,1985,0.58934647,0.9727762
111,1986,0.95592445,0.42775586
111,1987,1.058235,1.1759056
111,1988,-1.5737503,-0.272497
111,1989,0.3523001,0.7074916
111,1990,-0.895711,0.37168342
111,1992,0.18929328,0.9210229
111,1993,0.21078607,0.8889052
111,1994,0.38132012,0.8123575
111,1995,-1.8954414,0.55811596
111,1996,0.15532523,0.1924429
111,1997,0.19313113,0.26116616
111,1998,-1.2917135,0.69521505
111,1999,-1.8268458,-0.24480136
111,2000,1.1768117,0.22093424
111,2001,1.1746103,1.759119
111,2003,1.6216977,0.90769774
111,2004,0.49423072,0.17805028
111,2005,0.19916484,1.1508816
111,2006,0.67560434,0.31085166
181,4613,0.5488752,1.2742331
181,4616,0.7782989,0.7049571
181,4620,-1.6022707,-0.053768016
181,4621,0.48478672,0.8993482
181,4625,0.03574009,1.1381308
181,4627,-0.16643125,1.159188
181,4631,-1.2088253,-0.037913844
181,4634,-1.8004314,-0.03567221
181,4635,-0.15712853,1.7698301
181,4639,0.20503533,0.93300843
181,4640,-1.3521522,-0.1537394
181,4612,1.5108556,1.1140847
181,4614,0.26655445,0.866293
181,4615,1.3615484,1.2930671
181,4617,-0.75529635,1.8734319
181,4618,0.39048406,0.5271205
181,4619,1.4250202,1.3771095
181,4622,0.3139621,0.99817944
181,4623,-0.51342434,0.32217392
181,4624,0.8580333,1.2609547
181,4626,-0.50306505,0.334128
181,4628,0.67413867,1.5125227
181,4629,-0.29522452,0.38405055
181,4632,0.7625789,1.1057155
181,4633,-0.5596423,0.29988003
181,4636,0.38415918,0.83938074
181,4637,-0.47041598,0.3161025
181,4638,0.005063168,0.671561
136,3194,-0.64338815,0.65437806
136,3195,-0.33982542,0.49167573
136,3197,-1.3112978,0.78889894
136,3198,-1.3881657,1.1273719
136,3199,0.58282137,0.95168376
136,3200,0.95311815,0.769821
136,3201,-0.06539069,1.3140571
136,3202,1.7320731,0.28908032
136,3203,-1.0367556,0.56540054
136,3204,-1.1484288,0.8044239
136,3205,-1.4190162,1.066636
136,3206,-1.8918264,0.40164575
136,3208,-1.4539921,0.5386048
136,3209,-1.4927868,-0.3363597
136,3210,-1.3797826,0.86250585
136,3211,-1.7919239,0.3533904
136,3212,-0.4943309,0.5411484
136,3213,0.8395413,0.7049093
136,3214,1.1938782,0.42908865
136,3215,0.0077472096,0.39169806
136,3216,0.6353013,1.3884242
136,3217,-1.522428,0.40804124
136,3425,0.9239895,1.0022042
136,3426,-1.6200194,-0.12657501
136,3427,-1.3535528,-0.31091025
136,3428,-0.30177334,0.25815848
136,3429,-0.9807207,1.0621157
136,3430,-0.665368,-0.058678202
136,3431,-1.2370965,0.43808648
136,3432,-1.1980766,0.27620015
100,1404,0.5219912,0.9729054
100,1405,1.0748461,1.3523307
100,1406,1.1199558,0.8446407
100,1407,1.1355393,1.0313733
100,1408,0.9001458,0.7356471
100,1409,0.24544746,0.5562401
100,1419,1.2294943,0.63781697
100,1420,-1.723949,-0.17191912
100,1421,0.32409963,0.73002285
100,1422,0.7571799,0.68968207
100,1423,-1.6726907,-0.119230814
100,1424,1.3104092,1.5194654
100,1425,-1.4368275,0.0584158
100,1426,-1.5396503,-0.0027416367
100,1427,-1.691174,-0.22256899
100,1428,1.2849301,1.425971
100,1429,1.4840925,0.79611176
100,1430,0.5041529,0.85827446
100,1431,-1.7949625,-0.103096955
143,3608,1.2910154,1.0592048
143,3609,1.370731,0.887995
143,3610,1.0461037,0.4703508
143,3611,1.1251928,0.4237999
143,3612,0.9002995,0.5733802
143,3613,1.3821009,0.54908705
143,3614,1.460716,0.33036235
143,3615,1.5733315,1.1646621
143,3616,1.4342576,1.0174111
143,3618,0.52771276,1.2168227
143,3619,-0.8167716,1.1346639
143,3620,1.2225106,0.52224207
143,3621,1.6963441,0.7279909
143,3622,1.2443409,0.9379439
143,3623,1.1742986,0.8895613
143,3624,1.1365132,0.32115322
143,3625,1.495374,1.0402241
143,3626,0.763286,0.97373754
143,3627,1.1104802,0.6652696
143,3629,1.3754324,1.2345909
143,3630,1.2390018,0.832808
143,3631,1.3324175,1.392955
143,3632,1.20665,0.89109075
143,3633,1.5239555,0.8400329
143,3634,0.993987,1.4764758
143,3635,1.3498775,0.6202043
143,3636,1.1468992,0.8977358
143,3637,0.7862461,1.6571237
143,3638,1.054437,0.78340966
143,3640,1.3259106,1.1176577
143,3641,1.1603041,0.89886725
143,3642,1.0741951,0.9449637
143,3643,1.3549069,1.1763015
92,690,-1.3630043,-0.11484661
92,694,-1.5946459,-0.11984464
92,695,-1.369452,0.56612796
92,696,1.4785764,0.6188339
92,697,-1.0038751,0.21292877
92,698,-0.7014079,0.6457654
92,699,0.8113936,1.8492124
92,709,0.84331745,0.57444495
92,711,0.4766415,0.7603123
92,712,0.64533865,0.7926083
92,713,1.0611593,0.88009024
92,714,0.20364822,1.0030379
92,689,-0.2873854,1.0323642
92,691,-0.6819589,0.53498715
92,692,0.6760451,0.26057252
92,693,-0.8476376,0.53750825
92,700,0.51006484,0.46176952
92,701,0.21298352,0.87005514
92,702,-1.5693232,0.035551064
92,703,-1.4797186,-0.13155054
92,704,-1.4781041,0.054663926
92,705,1.2078873,0.31594792
92,706,0.8153069,0.2012658
92,707,1.2874318,0.5101307
92,708,0.13861062,2.018634
92,710,1.7200454,0.6466482
92,715,2.0590804,0.2368431
104,1565,1.437792,0.80316854
104,1566,0.9145026,1.465837
104,1567,1.0563604,0.4586237
104,1568,0.05460033,1.9834529
104,1569,-0.83434695,1.6375209
104,1571,-0.91268736,1.5121855
104,1572,-1.3352897,0.45342112
104,1573,0.123764716,1.0527248
104,1574,-0.002093385,0.8601487
104,1575,0.15681082,0.93684167
104,1576,0.33234897,1.151751
104,1577,1.1579343,0.6895497
104,1578,0.79860026,0.8273674
104,1579,1.1424036,0.79025596
104,1580,0.9248458,0.7807992
104,1582,1.6207728,0.875988
104,1583,0.9816969,0.7451123
104,1584,0.83056074,0.7496168
104,1585,0.7440896,0.7153984
104,1586,0.26619494,0.5686809
104,1587,0.75874877,0.6594774
104,1588,0.64591914,1.2245662
104,1589,-1.2222147,-0.030958882
104,1590,0.770309,0.52162915
104,1591,-0.83056396,0.017289244
104,1593,-1.3533291,-0.17259794
104,1594,-1.026299,-0.07692886
104,1595,1.2627472,0.5589186
104,1771,1.2731583,0.9023708
104,1772,0.90612847,0.6013505
132,3066,-1.4092038,-0.22924717
132,3067,-0.68149257,1.5791141
132,3068,0.74072504,0.64120626
132,3071,-0.46365234,0.30319875
132,3072,-1.1591378,1.4070243
132,3076,-1.3581214,0.18060021
132,3082,-1.4477687,0.6444721
132,3084,-1.5550777,-0.0028814524
132,3085,-1.1421878,-0.021655744
132,3086,0.86349773,0.2623449
132,3087,-1.4145344,-0.065405004
132,3088,-1.0440348,-0.11010193
132,3092,-1.5469434,-0.063360035
132,3095,0.2162872,1.0075821
132,3096,-1.2647643,-0.07437671
132,3070,-0.3924629,1.9283962
132,3073,1.3390629,1.513535
132,3074,-0.5806263,0.59227043
132,3075,1.498088,0.16511984
132,3077,-0.929534,0.47312889
132,3078,-0.683672,1.0669581
132,3079,-1.0549146,1.5268457
132,3081,-0.929534,0.47312889
132,3083,-1.0003021,0.30946708
132,3089,1.3071511,1.1426024
132,3090,-1.5117327,0.18304889
132,3093,1.5774431,0.18625502
132,3094,-1.2197137,0.20056836
132,3097,-1.0402017,1.2437749
156,3962,0.5741478,0.92018354
156,3968,1.1266398,0.31872684
156,3969,0.37317553,1.909485
156,3970,-0.9472091,1.1000729
156,3974,1.1447525,0.43339285
156,3975,-0.82076436,1.2798821
156,3976,0.45422986,1.2042401
156,3977,-1.263828,1.4975406
156,3978,0.55324894,1.7803146
156,3980,0.04972329,1.1597695
156,3981,1.3040105,0.42095396
156,3983,1.3462837,0.42377952
156,3985,1.3854952,0.8913025
156,3987,0.054140802,1.1758018
156,3996,-0.82461154,0.8590991
156,3998,1.3117274,0.49544835
156,3963,-0.7177544,1.3806077
156,3964,1.8819048,0.437365
156,3965,-0.2519129,0.15172085
156,3966,1.0885915,0.8586357
156,3967,0.02834864,1.6716292
156,3971,1.7117677,0.22500658
156,3972,1.3484216,0.35960382
156,3973,1.519629,0.36144292
156,3979,1.3080535,0.34015566
156,3982,1.5355829,0.18193784
156,3984,0.8811556,1.6240484
156,3986,-0.73981225,0.23994842
156,3997,1.6677476,0.318922
157,3999,-1.4351312,0.5487507
157,4000,-1.5966234,0.48254177
157,4001,-1.767913,-0.24624746
157,4002,1.5857478,1.2964158
157,4003,-1.6186674,-0.03948965
157,4004,1.051333,1.7545977
157,4005,1.3214543,1.4788743
157,4006,0.85352343,0.24527271
157,4007,1.0654368,1.1928542
157,4008,1.572354,1.6218609
157,4009,-1.1819017,1.0108627
157,4010,0.06656527,0.54468614
157,4011,-1.0344428,0.7299105
157,4012,-1.7179867,-0.037630603
157,4013,-1.2884799,0.4403
157,4014,1.4776775,1.076555
157,4015,-0.015992045,0.54836345
157,4017,1.6539387,1.2173203
157,4018,-1.4020079,-0.13885044
157,4019,-1.2799569,0.6605173
157,4020,0.7905187,0.19814405
157,4021,1.6792942,1.0389736
157,4022,0.9039265,2.1242363
84,207,0.572918,1.0272138
84,208,0.5422755,1.1594887
84,209,1.0920867,1.6048688
84,210,0.29283953,1.8958606
84,211,0.8796289,1.6720929
84,212,1.0256732,0.83813274
84,214,0.9377232,1.3773849
84,219,0.7384669,0.6589773
84,220,1.4048234,0.7932584
84,221,0.66769063,1.9379276
84,222,1.1627725,0.80949533
84,224,-0.02962318,1.5421151
84,225,0.48694113,1.6328822
84,233,1.1454849,1.053215
84,235,-0.0066500464,0.15270585
84,236,0.91283906,0.82627636
84,237,1.1775856,0.9380597
84,239,1.111627,0.7275644
84,213,0.83570963,1.7883401
84,215,1.5477232,0.1989687
84,217,0.027837813,2.0977914
84,218,0.6872875,1.9153979
84,223,1.0764755,1.6982968
84,226,0.27085826,2.0551004
84,228,0.98272246,1.5753497
84,229,1.8351663,0.3518295
84,230,1.4446009,1.5524892
84,231,0.7161025,1.7295601
84,232,0.85729057,1.9057767
84,234,1.9207484,0.3883402
165,4205,0.91347575,0.6052321
165,4206,1.6400794,0.6000678
165,4207,0.5030337,1.7935586
165,4208,-1.6652943,-0.030209979
165,4215,1.2972721,1.0114608
165,4218,1.3805634,0.853836
165,4220,1.405216,0.43741274
165,4223,1.3147607,0.87296385
165,4224,-1.0699143,0.67964387
165,4209,0.47119167,1.5716757
165,4210,0.69034547,1.0429713
165,4211,0.12885311,1.7897484
165,4212,0.22937775,0.46636412
165,4213,1.4120388,1.5434117
165,4214,1.0931153,1.4151272
165,4216,0.25545916,1.0584589
165,4217,1.2823004,1.405737
165,4219,1.3181527,1.3959008
165,4221,1.2434745,1.0330837
165,4222,1.0746641,1.1831437
165,4225,-0.4996076,0.20458657
130,3018,-1.0935726,0.41513658
130,3019,0.58814186,1.0238097
130,3020,-1.2791703,-0.1549413
130,3021,1.0227191,1.7218382
130,3022,-1.7795374,-0.12043022
130,3023,-0.61160326,1.4317852
130,3024,-1.8725085,0.1925205
130,3026,-1.935759,0.04138633
130,3027,-1.2653416,0.90928984
130,3028,-1.8756322,0.09201188
130,3029,-1.430449,0.573826
130,3030,-1.8240324,0.1104056
130,3031,-0.33833188,0.34668377
130,3032,-0.30472237,0.7293238
130,3033,-1.9180964,0.035488866
130,3034,-1.2947633,0.5670683
130,3035,-1.5446392,-0.00021463446
130,3038,-0.67818767,0.49403718
130,3039,-1.4625012,-0.11306723
130,3040,-1.3825539,1.1446323
130,3041,-1.6249994,-0.032445192
130,3042,-1.5911881,0.027784012
159,4062,1.3079079,1.3488343
159,4063,-0.13203153,0.98415405
159,4064,-0.8150378,0.5031443
159,4068,-1.0545882,1.3839319
159,4069,0.5167549,1.4880674
159,4065,-0.3070739,0.22348629
159,4066,-0.60297436,0.25090215
159,4067,-0.88890445,0.010044783
159,4070,-1.390035,-0.027231397
159,4071,-1.1445793,0.33955142
159,4072,-1.4126571,0.5805372
159,4073,-0.85116446,1.8252107
159,4074,-1.0501555,0.27196133
159,4075,-1.8422841,-0.3525968
159,4076,-1.2752296,0.13946408
159,4078,0.29676524,0.81500787
175,4477,-0.23248354,1.3892224
175,4478,-0.6026727,-0.09779493
175,4479,1.2851124,0.49424037
175,4480,1.2419673,0.2304365
175,4484,-1.2160257,0.20225032
175,4485,-1.0486828,-0.10168827
175,4486,0.94169873,0.75050205
175,4492,1.4371256,0.21922378
175,4495,0.85109806,0.4121273
175,4476,-0.37647074,0.7984837
175,4481,0.6856602,1.5802943
175,4482,-1.5757666,0.035461828
175,4483,-1.2176548,0.41565865
175,4487,1.4808524,0.43114138
175,4488,-0.70312506,1.151583
175,4489,-0.8177702,0.3170797
175,4490,0.725405,0.7792357
175,4491,0.33723477,0.20516546
175,4493,1.6599839,0.34417063
175,4494,-1.0271592,-0.03676068
129,2989,0.28323296,1.0153583
129,2990,0.5614526,0.63388735
129,2991,1.0763911,0.58600456
129,2993,-1.5470831,-0.124680184
129,2994,-0.9722535,0.032224476
129,2995,-0.34528974,0.4189376
129,2996,1.2269626,0.4192836
129,2997,0.60671663,0.50921416
129,2998,-1.2640939,-0.005401522
129,2999,0.79439527,0.7805962
129,3000,-1.3663378,-0.16283132
129,3001,0.34734386,0.7765767
129,3002,0.35666642,0.5210798
129,3004,-1.6275184,-0.2012586
129,3005,-1.8658465,-0.27895042
129,3006,1.3548099,0.5157295
129,3007,0.07503945,0.42723298
129,3008,1.0082548,0.84104425
129,3009,-1.4953512,-0.14438175
129,3010,1.4444258,0.55599797
129,3011,-0.5395753,0.057574056
129,3012,0.382103,0.065686755
129,3013,-1.7388589,-0.3650842
129,3015,0.5154167,0.85496986
129,3016,-0.5231634,0.0018192399
129,3017,-1.7462897,-0.24526171
65,4744,-1.5975108,-0.11258065
65,4745,1.2301868,0.50079685
65,4746,0.36137813,1.5232037
65,4747,-0.95606995,0.9111507
65,4748,-0.70792365,0.15042993
65,4749,-1.782075,-0.16322024
65,4751,1.0873882,0.72588855
65,4752,1.2242109,1.5755204
65,4753,0.18279947,1.9989455
65,4754,1.3925881,1.3962507
65,4755,1.4172748,1.4726976
65,4756,1.5748404,1.4968573
65,4757,1.5330943,1.2030967
65,4758,0.784117,1.0218279
65,4759,1.6022186,1.0831493
65,4760,1.1173275,1.8180209
102,1453,-1.6463267,-0.28429928
102,1454,0.4151744,0.75914353
102,1455,1.0567739,1.2458034
102,1456,-1.8464184,0.024205787
102,1457,-1.5715066,-0.08544961
102,1458,-0.30222157,0.73647255
102,1459,-1.4595267,-0.24981202
102,1460,-1.3581543,1.0664546
102,1461,-0.5551378,0.54710287
102,1462,0.22146748,0.80412763
102,1463,-0.61895376,0.42231104
102,1464,-1.429257,-0.08468076
102,1465,-0.26143837,0.6209062
102,1466,-1.5450108,0.39921016
102,1467,0.031850033,0.40206456
102,1468,0.00026249792,1.0669774
102,1469,0.8606255,1.0813345
102,1470,1.3571028,0.6364624
102,1471,-1.3405364,-0.13326763
102,1472,-1.1849035,-0.01527332
102,1473,-0.52401716,1.5730293
102,1474,-1.2909377,0.8616267
102,1475,-2.0267234,-0.21569411
102,1476,-1.4222156,-0.10254232
102,1478,-1.6665494,-0.071278006
102,1479,0.04857725,0.5401457
102,1480,-1.3462807,0.59743243
102,1481,-1.5771694,-0.23076327
102,1482,-1.5100701,-0.1640468
102,1483,0.63315266,0.4082673
149,3792,0.8315353,0.8404073
149,3794,-0.010380817,0.52351314
149,3795,-1.027663,0.05170337
149,3797,1.1417297,0.5869623
149,3798,0.8166006,0.66231763
149,3800,0.92176163,0.7850532
149,3803,-0.37718818,1.9488527
149,3805,-0.72514224,1.0747862
149,3806,1.21378,0.9015538
149,3807,0.85633147,1.2127496
149,3808,1.1929806,0.9727867
149,3809,1.0505503,1.0846026
149,3812,-0.56948334,1.7545271
149,3793,-1.2596021,0.2507398
149,3796,0.24901676,0.96184236
149,3799,0.99990237,0.8885701
149,3801,-1.38763,0.23815067
149,3802,1.4661155,1.3387619
149,3804,1.6283437,1.2454926
149,3810,0.38645974,1.4815423
149,3811,0.4096105,1.1436007
149,3813,1.2956041,0.9765018
154,3914,1.1609443,0.9155888
154,3915,-0.8280976,1.8495157
154,3919,-1.2628859,0.26049203
154,3920,-0.429359,0.061758734
154,3921,-1.3369929,-0.035884894
154,3924,-0.16430938,1.7146683
154,3926,0.43787843,0.4256529
154,3927,1.16502,1.5196754
154,3930,-0.6968979,1.2429079
154,3932,-1.274553,1.2970213
154,3933,0.1379071,1.2502513
154,3934,0.10073924,1.0621742
154,3935,-1.4003963,-0.24173228
154,3936,0.26658764,1.154891
154,3937,-0.2667863,1.0323774
154,3916,-0.04591687,1.3376572
154,3917,0.55407673,0.55036235
154,3918,0.90808016,1.6162931
154,3922,1.6600746,0.31929806
154,3923,-1.548561,-0.11252426
154,3925,1.566489,0.8966194
154,3928,1.4168458,0.39912534
154,3929,1.0146263,0.50323397
154,3931,1.5525355,0.4557237
101,1432,1.9117206,0.31911018
101,1433,1.2693272,0.93757635
101,1434,0.0863062,1.9551183
101,1435,0.046736576,0.59997064
101,1436,-0.30892238,0.57182384
101,1437,1.6641105,0.34798178
101,1438,0.01564283,0.4405667
101,1439,0.5157773,0.7201864
101,1440,0.22643922,0.5919862
101,1441,-0.56320846,-0.0054483097
101,1442,1.1340768,0.9583728
101,1443,0.99323153,1.0977803
101,1444,0.07096745,0.31542543
101,1445,1.8627357,0.2037458
101,1446,1.228406,1.0743331
101,1447,1.228406,1.0743331
101,1448,0.8164054,0.572231
101,1449,1.7833245,0.3748508
101,1450,1.1760564,0.7769012
101,1451,0.3338093,0.70776725
101,1452,1.669782,0.89958084
160,4079,1.1725079,1.0169426
160,4080,0.5511884,1.0625435
160,4081,0.8682833,1.0466402
160,4086,0.58626825,1.0477822
160,4087,1.3356766,1.0870973
160,4088,-0.846168,0.21410279
160,4089,0.54775524,1.8006207
160,4090,0.22643766,1.5901772
160,4093,0.3349132,1.2292373
160,4095,0.4943115,1.5024062
160,4096,0.33667767,0.5560924
160,4082,1.7741308,0.5517995
160,4083,0.47830194,1.4542423
160,4084,0.76358026,0.8330818
160,4085,1.5720191,0.4197298
160,4091,-0.7552828,0.1394541
160,4092,1.7043127,1.3283485
160,4094,1.5997249,1.2852218
160,4097,1.5613703,0.9094969
151,3843,1.4472897,1.5543973
151,3844,0.2167878,0.89251584
151,3845,-0.111085996,0.3866454
151,3846,0.35758927,0.46395627
151,3847,-0.4380034,0.9166805
151,3848,-1.2888721,-0.17760909
151,3849,-0.11964725,0.49869978
151,3850,1.5045521,0.36460066
151,3851,0.06488577,0.55259144
151,3852,-0.7352489,0.2528702
151,3853,-1.3795,-0.070189305
151,3854,0.22782227,0.57292867
151,3855,1.6654238,0.2964634
151,3856,-0.26027498,1.1610876
151,3857,1.4307922,1.0607123
151,3858,1.5237911,1.2934914
151,3859,-0.70587033,1.897401
151,3860,0.38265646,2.0479233
151,3861,-1.9816366,-0.33547008
151,3862,-0.9580492,0.28143397
151,3863,0.3855461,0.28121638
151,3864,0.19893946,0.74253947
151,3865,-0.37694612,0.13276167
151,3866,0.756807,1.6877122
151,3867,-0.7185949,0.011005169
151,3868,1.3373504,0.43609676
177,4502,1.6219184,1.1889791
177,4508,1.5567511,1.3583511
177,4511,1.5682082,0.67626494
177,4512,1.3977891,0.91883177
177,4503,1.1390721,0.7781747
177,4504,0.6813689,0.78776807
177,4505,1.675837,0.3113708
177,4506,1.1828048,1.2594278
177,4507,1.0956526,0.6988606
177,4509,0.26052144,1.5461262
177,4510,1.6292688,0.628156
117,2417,1.73151,0.73657435
117,2419,1.4704502,0.6693242
117,2420,1.1417847,0.7071974
117,2421,0.047353964,0.96905154
117,2422,1.2769129,0.9294951
117,2424,-1.2376947,-0.14054056
117,2429,1.796156,0.61463594
117,2418,0.54628295,1.0900031
117,2423,1.5718707,0.9797258
117,2425,1.3345139,0.94353276
117,2427,1.2626845,0.82901037
117,2428,1.2014011,1.024125
117,2430,1.3592916,0.9000544
22,1328,-0.9780435,0.60248977
22,1329,-1.1462971,0.4622789
22,1330,-1.9698956,0.13571936
22,1331,-1.6726254,0.8152297
22,1332,1.3686011,0.38445333
22,1327,-1.3595158,0.6946735
82,5268,-1.5713279,0.055056073
82,5272,-1.1712638,0.022703562
82,5273,0.043153264,0.61246854
82,5267,-1.0870249,0.97079927
82,5269,-1.6409965,0.4861252
82,5270,-1.6145967,0.5689438
82,5271,1.0807654,0.3193881
82,5274,0.28877628,0.9951156
123,2614,1.4663625,0.77784276
123,2615,-0.16387494,0.5601513
123,2616,0.2874493,0.5254311
123,2618,-1.8241047,-0.18033107
123,2619,-1.2122917,0.00014307722
123,2620,-1.19126,0.7718388
123,2622,-0.428064,0.19446407
123,2626,-0.4708211,0.27280378
123,2617,1.5651634,0.6587757
123,2623,-0.8365093,0.1732788
123,2624,1.571264,1.491281
123,2625,-0.80329573,0.41559032
69,4835,-0.91894555,0.5468372
69,4836,0.6545947,1.7001724
69,4837,-1.3067955,0.7171922
69,4838,1.4400274,1.1464491
55,4327,1.2108978,0.38517144
55,4428,0.8447895,1.2579775
55,4473,1.2505276,1.0433239
55,4527,-0.67796814,0.13488668
9,390,0.99632055,0.92583007
9,391,0.5324469,0.5065367
9,392,1.4936607,0.77758116
9,393,0.4717693,0.7673564
9,394,1.0668726,1.3568718
12,575,-0.9114786,1.2466965
12,576,1.2813196,0.82389176
12,577,0.5463184,1.3335633
13,607,-0.641914,0.38471222
13,608,-0.32659337,0.20005299
13,609,0.8231973,0.46819112
13,610,-0.8146404,0.5612492
13,611,1.1180209,0.4350379
13,612,-1.1108426,0.63038933
13,613,-0.44897205,1.0643055
13,614,0.8717703,1.0657077
13,615,0.7973524,0.81273645
13,616,-1.0942596,-0.054617964
13,617,-1.165343,0.104351334
13,618,-0.114884295,0.58063
37,2548,1.0376724,0.9921181
37,2549,0.18810008,0.71500754
37,2550,-0.8682851,-0.05260808
37,2551,1.0858314,0.9284695
37,2552,0.8500243,1.5690219
37,2553,-1.0225134,0.6924538
37,2554,-0.3021998,0.8105961
37,2555,0.24192527,1.5273237
37,2556,-1.0964665,-0.09176158
37,2557,0.875329,1.2979048
37,2558,-0.9030316,0.03463505
37,2559,0.5831316,0.6595129
37,2560,1.2781814,1.1203678
37,2561,0.11629268,1.3053339
37,2562,-0.034750354,0.2662631
37,2563,0.28180054,1.9604582
37,2564,1.3037354,0.90096956
37,2565,0.65298766,0.940332
48,4821,-1.801979,0.4727921
48,4822,0.9026128,0.45478803
48,4823,-1.5310255,1.4888561
5,290,-0.5705016,0.38591653
5,291,-1.3121585,0.32281196
5,292,0.71752703,1.1218356
5,293,-0.13042374,0.9633565
5,294,-0.7428696,0.5561596
5,295,-1.5993845,1.1055185
5,296,-0.6152261,0.18516131
5,297,0.8835193,1.5429398
5,298,-1.3692595,-0.06256609
5,299,-1.1269169,0.6098127
5,300,-1.4865935,1.3419739
5,301,-0.7345221,0.14841689
